{
  "dataset": "csn-python",
  "tokenizer_type": "split",
  "vocab_size": 16000,
  "model_parameters": 27238400,
  "total_train_time_sec": 390.5593795776367,
  "avg_step_time_ms": 11.168071556091308,
  "tokens_per_sec": 52232.77449401217,
  "chars_per_sec": 99297.13086726263,
  "peak_vram_gb": 2.887146472930908,
  "final_val_loss": 2.5531122821905017,
  "final_ppl_token": 12.847024917602539,
  "final_ppl_char": 3.83052134513855,
  "char_to_token_ratio": 1.9010502855567843,
  "train_tokens_count": 26325412,
  "train_chars_count": 50045932
}