{
  "dataset": "tinystories",
  "tokenizer_type": "metaspace_split",
  "vocab_size": 14292,
  "model_parameters": 26363904,
  "total_train_time_sec": 377.3855185508728,
  "avg_step_time_ms": 11.402129316329956,
  "tokens_per_sec": 54056.128275229545,
  "chars_per_sec": 124565.66575567819,
  "peak_vram_gb": 2.9473061561584473,
  "final_val_loss": 1.50731258191795,
  "final_ppl_token": 4.514581680297852,
  "final_ppl_char": 1.9234273433685303,
  "char_to_token_ratio": 2.304376390433277,
  "train_tokens_count": 19361321,
  "train_chars_count": 44615771
}