{
  "dataset": "csn-python",
  "tokenizer_type": "llama_functionalizer",
  "vocab_size": 16000,
  "model_parameters": 27238400,
  "total_train_time_sec": 360.70983052253723,
  "avg_step_time_ms": 11.0725914478302,
  "tokens_per_sec": 56555.15395975715,
  "chars_per_sec": 193762.65216122312,
  "peak_vram_gb": 2.8227500915527344,
  "final_val_loss": 4.531068234552037,
  "final_ppl_token": 92.85771179199219,
  "final_ppl_char": 3.7528722286224365,
  "char_to_token_ratio": 3.4260830109153404,
  "train_tokens_count": 14607332,
  "train_chars_count": 50045932
}