{
  "dataset": "csn-go",
  "tokenizer_type": "split",
  "vocab_size": 15735,
  "model_parameters": 27102720,
  "total_train_time_sec": 337.7883331775665,
  "avg_step_time_ms": 10.442845153808593,
  "tokens_per_sec": 60392.849593405736,
  "chars_per_sec": 134408.30826813608,
  "peak_vram_gb": 2.754809856414795,
  "final_val_loss": 2.842305935180939,
  "final_ppl_token": 17.1552791595459,
  "final_ppl_char": 3.5862808227539062,
  "char_to_token_ratio": 2.2255665889761946,
  "train_tokens_count": 7425621,
  "train_chars_count": 16526214
}