{
  "dataset": "tinystories",
  "tokenizer_type": "metaspace_split_functionalizer",
  "vocab_size": 12864,
  "model_parameters": 25632768,
  "total_train_time_sec": 373.593154668808,
  "avg_step_time_ms": 11.382381916046143,
  "tokens_per_sec": 54604.85489378062,
  "chars_per_sec": 118173.15632837483,
  "peak_vram_gb": 2.780153751373291,
  "final_val_loss": 1.4411959900204832,
  "final_ppl_token": 4.2257466316223145,
  "final_ppl_char": 1.9463202953338623,
  "char_to_token_ratio": 2.164151091661117,
  "train_tokens_count": 20615830,
  "train_chars_count": 44615771
}