{
  "dataset": "csn-python",
  "tokenizer_type": "split",
  "vocab_size": 16000,
  "model_parameters": 27238400,
  "total_train_time_sec": 390.33424830436707,
  "avg_step_time_ms": 11.081201219558716,
  "tokens_per_sec": 52262.90054900049,
  "chars_per_sec": 99354.40201270088,
  "peak_vram_gb": 2.887146472930908,
  "final_val_loss": 2.5479788307210396,
  "final_ppl_token": 12.781245231628418,
  "final_ppl_char": 3.8201916217803955,
  "char_to_token_ratio": 1.9010502855567843,
  "train_tokens_count": 26325412,
  "train_chars_count": 50045932
}