{
  "dataset": "tinystories",
  "tokenizer_type": "split_functionalizer_repeat",
  "vocab_size": 14665,
  "model_parameters": 26554880,
  "total_train_time_sec": 387.8934531211853,
  "avg_step_time_ms": 11.501230478286743,
  "tokens_per_sec": 52591.76156712975,
  "chars_per_sec": 120650.21912204214,
  "peak_vram_gb": 2.947721481323242,
  "final_val_loss": 1.5106262323468231,
  "final_ppl_token": 4.529566287994385,
  "final_ppl_char": 1.9318655729293823,
  "char_to_token_ratio": 2.2940897115235255,
  "train_tokens_count": 19448137,
  "train_chars_count": 44615771
}