{
  "dataset": "csn-go",
  "tokenizer_type": "metaspace_split",
  "vocab_size": 15770,
  "model_parameters": 27120640,
  "total_train_time_sec": 339.87012124061584,
  "avg_step_time_ms": 10.980481243133545,
  "tokens_per_sec": 60022.92853968629,
  "chars_per_sec": 144142.85279750192,
  "peak_vram_gb": 2.9264121055603027,
  "final_val_loss": 3.028757823711377,
  "final_ppl_token": 20.671539306640625,
  "final_ppl_char": 3.5297024250030518,
  "char_to_token_ratio": 2.401463179228121,
  "train_tokens_count": 6881727,
  "train_chars_count": 16526214
}