{
  "dataset": "csn-go",
  "tokenizer_type": "llama",
  "vocab_size": 16000,
  "model_parameters": 27238400,
  "total_train_time_sec": 334.30748295783997,
  "avg_step_time_ms": 10.508688926696777,
  "tokens_per_sec": 61021.66729714715,
  "chars_per_sec": 185107.15790146822,
  "peak_vram_gb": 2.9253458976745605,
  "final_val_loss": 4.0764821705065275,
  "final_ppl_token": 58.93777847290039,
  "final_ppl_char": 3.8337230682373047,
  "char_to_token_ratio": 3.033466080172336,
  "train_tokens_count": 5447964,
  "train_chars_count": 16526214
}