{
  "dataset": "csn-python",
  "tokenizer_type": "split",
  "vocab_size": 16000,
  "model_parameters": 27238400,
  "total_train_time_sec": 390.4490773677826,
  "avg_step_time_ms": 11.080061769485473,
  "tokens_per_sec": 52247.53029902608,
  "chars_per_sec": 99325.18239459796,
  "peak_vram_gb": 2.887146472930908,
  "final_val_loss": 2.5578500479859256,
  "final_ppl_token": 12.908037185668945,
  "final_ppl_char": 3.8400795459747314,
  "char_to_token_ratio": 1.9010502855567843,
  "train_tokens_count": 26325412,
  "train_chars_count": 50045932
}