{
  "dataset": "tinystories",
  "tokenizer_type": "metaspace_functionalizer",
  "vocab_size": 16000,
  "model_parameters": 27238400,
  "total_train_time_sec": 362.72729086875916,
  "avg_step_time_ms": 11.34111394882202,
  "tokens_per_sec": 56240.59869093518,
  "chars_per_sec": 235952.11557035535,
  "peak_vram_gb": 3.09559965133667,
  "final_val_loss": 3.4445300835829515,
  "final_ppl_token": 31.328556060791016,
  "final_ppl_char": 2.272826910018921,
  "char_to_token_ratio": 4.195405473313301,
  "train_tokens_count": 10634436,
  "train_chars_count": 44615771
}