{
  "dataset": "tinystories",
  "tokenizer_type": "split",
  "vocab_size": 14280,
  "model_parameters": 26357760,
  "total_train_time_sec": 370.68408966064453,
  "avg_step_time_ms": 10.98901515007019,
  "tokens_per_sec": 55033.38440739628,
  "chars_per_sec": 126286.57289878196,
  "peak_vram_gb": 2.833690643310547,
  "final_val_loss": 1.5049116553262223,
  "final_ppl_token": 4.503755569458008,
  "final_ppl_char": 1.9267083406448364,
  "char_to_token_ratio": 2.2947266329090774,
  "train_tokens_count": 19442739,
  "train_chars_count": 44615771
}