{
  "dataset": "csn-go",
  "tokenizer_type": "metaspace_split_functionalizer",
  "vocab_size": 15316,
  "model_parameters": 26888192,
  "total_train_time_sec": 335.6275112628937,
  "avg_step_time_ms": 10.27413420677185,
  "tokens_per_sec": 60781.66811546293,
  "chars_per_sec": 127084.57666952466,
  "peak_vram_gb": 2.8907999992370605,
  "final_val_loss": 2.8275692587313443,
  "final_ppl_token": 16.904319763183594,
  "final_ppl_char": 3.8665480613708496,
  "char_to_token_ratio": 2.090837264092758,
  "train_tokens_count": 7904113,
  "train_chars_count": 16526214
}