{
  "dataset": "csn-python",
  "tokenizer_type": "metaspace_split_functionalizer_repeat",
  "vocab_size": 16000,
  "model_parameters": 27238400,
  "total_train_time_sec": 368.83602643013,
  "avg_step_time_ms": 11.018181467056275,
  "tokens_per_sec": 55309.13071981174,
  "chars_per_sec": 157847.52511193458,
  "peak_vram_gb": 2.8413939476013184,
  "final_val_loss": 3.466384543613954,
  "final_ppl_token": 32.02076721191406,
  "final_ppl_char": 3.3689699172973633,
  "char_to_token_ratio": 2.853914409025467,
  "train_tokens_count": 17535891,
  "train_chars_count": 50045932
}