{
  "dataset": "tinystories",
  "tokenizer_type": "metaspace",
  "vocab_size": 16000,
  "model_parameters": 27238400,
  "total_train_time_sec": 360.5119938850403,
  "avg_step_time_ms": 11.542476224899291,
  "tokens_per_sec": 56586.1894916737,
  "chars_per_sec": 271871.40495193796,
  "peak_vram_gb": 2.8870091438293457,
  "final_val_loss": 3.8349177630051323,
  "final_ppl_token": 46.28962326049805,
  "final_ppl_char": 2.2215027809143066,
  "char_to_token_ratio": 4.804554033311143,
  "train_tokens_count": 9286142,
  "train_chars_count": 44615771
}