{
  "dataset": "csn-go",
  "tokenizer_type": "metaspace_split_functionalizer_repeat",
  "vocab_size": 15707,
  "model_parameters": 27088384,
  "total_train_time_sec": 338.7699029445648,
  "avg_step_time_ms": 10.484029054641724,
  "tokens_per_sec": 60217.86416881959,
  "chars_per_sec": 144288.70082414913,
  "peak_vram_gb": 2.815756320953369,
  "final_val_loss": 3.0373823631323127,
  "final_ppl_token": 20.8505916595459,
  "final_ppl_char": 3.5524232387542725,
  "char_to_token_ratio": 2.3961112340291524,
  "train_tokens_count": 6897098,
  "train_chars_count": 16526214
}