{
  "dataset": "csn-python",
  "tokenizer_type": "llama_functionalizer",
  "vocab_size": 16000,
  "model_parameters": 27238400,
  "total_train_time_sec": 360.7633605003357,
  "avg_step_time_ms": 11.186427593231201,
  "tokens_per_sec": 56546.76232006387,
  "chars_per_sec": 193733.90170703625,
  "peak_vram_gb": 2.8227500915527344,
  "final_val_loss": 4.52098123864694,
  "final_ppl_token": 91.9257583618164,
  "final_ppl_char": 3.7418391704559326,
  "char_to_token_ratio": 3.4260830109153404,
  "train_tokens_count": 14607332,
  "train_chars_count": 50045932
}