{
  "dataset": "csn-python",
  "tokenizer_type": "llama_functionalizer",
  "vocab_size": 16000,
  "model_parameters": 27238400,
  "total_train_time_sec": 360.8362236022949,
  "avg_step_time_ms": 11.079737472534179,
  "tokens_per_sec": 56535.34391958495,
  "chars_per_sec": 193694.78131914363,
  "peak_vram_gb": 2.8227500915527344,
  "final_val_loss": 4.521943602778695,
  "final_ppl_token": 92.0142593383789,
  "final_ppl_char": 3.7428905963897705,
  "char_to_token_ratio": 3.4260830109153404,
  "train_tokens_count": 14607332,
  "train_chars_count": 50045932
}