{
  "dataset": "csn-python",
  "tokenizer_type": "split",
  "vocab_size": 16000,
  "model_parameters": 27238400,
  "total_train_time_sec": 390.53466176986694,
  "avg_step_time_ms": 11.06450514793396,
  "tokens_per_sec": 52236.08042253942,
  "chars_per_sec": 99303.4156036334,
  "peak_vram_gb": 2.887146472930908,
  "final_val_loss": 2.558904749938055,
  "final_ppl_token": 12.921655654907227,
  "final_ppl_char": 3.842210531234741,
  "char_to_token_ratio": 1.9010502855567843,
  "train_tokens_count": 26325412,
  "train_chars_count": 50045932
}