{
  "dataset": "tinystories",
  "tokenizer_type": "metaspace_split",
  "vocab_size": 14292,
  "model_parameters": 26363904,
  "total_train_time_sec": 379.38642930984497,
  "avg_step_time_ms": 11.44107370376587,
  "tokens_per_sec": 53771.03244602172,
  "chars_per_sec": 123908.69765784065,
  "peak_vram_gb": 2.9473061561584473,
  "final_val_loss": 1.5018018534250348,
  "final_ppl_token": 4.489771842956543,
  "final_ppl_char": 1.9188331365585327,
  "char_to_token_ratio": 2.304376390433277,
  "train_tokens_count": 19361321,
  "train_chars_count": 44615771
}