{
  "dataset": "tinystories",
  "tokenizer_type": "split_functionalizer_repeat",
  "vocab_size": 14665,
  "model_parameters": 26554880,
  "total_train_time_sec": 360.3102638721466,
  "avg_step_time_ms": 10.846296358108521,
  "tokens_per_sec": 56617.8708892922,
  "chars_per_sec": 129886.4750954833,
  "peak_vram_gb": 2.947721481323242,
  "final_val_loss": 1.5164316243903582,
  "final_ppl_token": 4.555938720703125,
  "final_ppl_char": 1.936760425567627,
  "char_to_token_ratio": 2.2940897115235255,
  "train_tokens_count": 19448137,
  "train_chars_count": 44615771
}