{
  "dataset": "tinystories",
  "tokenizer_type": "metaspace_split",
  "vocab_size": 14292,
  "model_parameters": 26363904,
  "total_train_time_sec": 378.43970680236816,
  "avg_step_time_ms": 11.497740507125854,
  "tokens_per_sec": 53905.54858096181,
  "chars_per_sec": 124218.67346332893,
  "peak_vram_gb": 2.9473061561584473,
  "final_val_loss": 1.5003043970214986,
  "final_ppl_token": 4.483053207397461,
  "final_ppl_char": 1.9175866842269897,
  "char_to_token_ratio": 2.304376390433277,
  "train_tokens_count": 19361321,
  "train_chars_count": 44615771
}