{
  "dataset": "csn-go",
  "tokenizer_type": "split_functionalizer",
  "vocab_size": 15281,
  "model_parameters": 26870272,
  "total_train_time_sec": 337.09885716438293,
  "avg_step_time_ms": 10.457472515106202,
  "tokens_per_sec": 60516.37247186555,
  "chars_per_sec": 118523.95113608772,
  "peak_vram_gb": 3.0156493186950684,
  "final_val_loss": 2.682924192799024,
  "final_ppl_token": 14.627806663513184,
  "final_ppl_char": 3.9347872734069824,
  "char_to_token_ratio": 1.9585435526756776,
  "train_tokens_count": 8438012,
  "train_chars_count": 16526214
}