{
  "dataset": "csn-python",
  "tokenizer_type": "llama",
  "vocab_size": 16000,
  "model_parameters": 27238400,
  "total_train_time_sec": 355.0779376029968,
  "avg_step_time_ms": 11.144713497161867,
  "tokens_per_sec": 57452.175535638875,
  "chars_per_sec": 232388.03358131577,
  "peak_vram_gb": 2.8854832649230957,
  "final_val_loss": 5.221051330262042,
  "final_ppl_token": 185.12869262695312,
  "final_ppl_char": 3.6356046199798584,
  "char_to_token_ratio": 4.044895278807269,
  "train_tokens_count": 12372615,
  "train_chars_count": 50045932
}