{
  "dataset": "csn-python",
  "tokenizer_type": "metaspace_split_functionalizer",
  "vocab_size": 16000,
  "model_parameters": 27238400,
  "total_train_time_sec": 371.333615064621,
  "avg_step_time_ms": 10.979276895523071,
  "tokens_per_sec": 54937.12169432845,
  "chars_per_sec": 148000.30449674037,
  "peak_vram_gb": 2.7784476280212402,
  "final_val_loss": 3.2610043831076307,
  "final_ppl_token": 26.075716018676758,
  "final_ppl_char": 3.355067014694214,
  "char_to_token_ratio": 2.693994514678215,
  "train_tokens_count": 18576850,
  "train_chars_count": 50045932
}