{
  "dataset": "csn-go",
  "tokenizer_type": "llama",
  "vocab_size": 16000,
  "model_parameters": 27238400,
  "total_train_time_sec": 334.1629707813263,
  "avg_step_time_ms": 10.47615752220154,
  "tokens_per_sec": 61048.05673800885,
  "chars_per_sec": 185187.20937519692,
  "peak_vram_gb": 2.9253458976745605,
  "final_val_loss": 4.068260788220411,
  "final_ppl_token": 58.4552001953125,
  "final_ppl_char": 3.8233468532562256,
  "char_to_token_ratio": 3.033466080172336,
  "train_tokens_count": 5447964,
  "train_chars_count": 16526214
}