{
  "dataset": "csn-go",
  "tokenizer_type": "split_functionalizer",
  "vocab_size": 15281,
  "model_parameters": 26870272,
  "total_train_time_sec": 336.52480363845825,
  "avg_step_time_ms": 10.436689233779907,
  "tokens_per_sec": 60619.60301124347,
  "chars_per_sec": 118726.13264342556,
  "peak_vram_gb": 3.0156493186950684,
  "final_val_loss": 2.6761958633572602,
  "final_ppl_token": 14.529714584350586,
  "final_ppl_char": 3.921293020248413,
  "char_to_token_ratio": 1.9585435526756776,
  "train_tokens_count": 8438012,
  "train_chars_count": 16526214
}