{
  "dataset": "tinystories",
  "tokenizer_type": "metaspace_functionalizer",
  "vocab_size": 16000,
  "model_parameters": 27238400,
  "total_train_time_sec": 340.6942653656006,
  "avg_step_time_ms": 11.07113995552063,
  "tokens_per_sec": 59877.73224802791,
  "chars_per_sec": 251211.36560295295,
  "peak_vram_gb": 3.09559965133667,
  "final_val_loss": 3.4433270988301334,
  "final_ppl_token": 31.290895462036133,
  "final_ppl_char": 2.2721750736236572,
  "char_to_token_ratio": 4.195405473313301,
  "train_tokens_count": 10634436,
  "train_chars_count": 44615771
}