{
  "dataset": "csn-python",
  "tokenizer_type": "llama",
  "vocab_size": 16000,
  "model_parameters": 27238400,
  "total_train_time_sec": 355.0024263858795,
  "avg_step_time_ms": 11.14673581123352,
  "tokens_per_sec": 57464.39596958041,
  "chars_per_sec": 232437.46395687087,
  "peak_vram_gb": 2.8854832649230957,
  "final_val_loss": 5.20801323208403,
  "final_ppl_token": 182.73062133789062,
  "final_ppl_char": 3.6239044666290283,
  "char_to_token_ratio": 4.044895278807269,
  "train_tokens_count": 12372615,
  "train_chars_count": 50045932
}