{
  "dataset": "csn-go",
  "tokenizer_type": "split_functionalizer_repeat",
  "vocab_size": 15672,
  "model_parameters": 27070464,
  "total_train_time_sec": 336.5142865180969,
  "avg_step_time_ms": 10.008581066131592,
  "tokens_per_sec": 60621.49756278754,
  "chars_per_sec": 134819.77246669072,
  "peak_vram_gb": 2.943328380584717,
  "final_val_loss": 2.8763737112148853,
  "final_ppl_token": 17.749792098999023,
  "final_ppl_char": 3.6450018882751465,
  "char_to_token_ratio": 2.2239597813802905,
  "train_tokens_count": 7430986,
  "train_chars_count": 16526214
}