{
  "dataset": "csn-go",
  "tokenizer_type": "llama_functionalizer",
  "vocab_size": 16000,
  "model_parameters": 27238400,
  "total_train_time_sec": 336.2203679084778,
  "avg_step_time_ms": 10.47862319946289,
  "tokens_per_sec": 60674.491931889934,
  "chars_per_sec": 152935.59641772133,
  "peak_vram_gb": 2.9750924110412598,
  "final_val_loss": 3.6513353394720838,
  "final_ppl_token": 38.52607345581055,
  "final_ppl_char": 4.257161617279053,
  "char_to_token_ratio": 2.5205912987191454,
  "train_tokens_count": 6556483,
  "train_chars_count": 16526214
}