{
  "dataset": "tinystories",
  "tokenizer_type": "llama_functionalizer",
  "vocab_size": 15639,
  "model_parameters": 27053568,
  "total_train_time_sec": 367.75649762153625,
  "avg_step_time_ms": 11.530916595458985,
  "tokens_per_sec": 55471.487606437746,
  "chars_per_sec": 207459.21658141405,
  "peak_vram_gb": 2.8132758140563965,
  "final_val_loss": 2.9554434359528634,
  "final_ppl_token": 19.210237503051758,
  "final_ppl_char": 2.203928232192993,
  "char_to_token_ratio": 3.739925239670872,
  "train_tokens_count": 11929589,
  "train_chars_count": 44615771
}