{
  "dataset": "tinystories",
  "tokenizer_type": "split_functionalizer",
  "vocab_size": 12853,
  "model_parameters": 25627136,
  "total_train_time_sec": 367.08338022232056,
  "avg_step_time_ms": 11.803612565994264,
  "tokens_per_sec": 55573.20516021438,
  "chars_per_sec": 119795.61139890086,
  "peak_vram_gb": 2.6780142784118652,
  "final_val_loss": 1.4410657087961833,
  "final_ppl_token": 4.22519588470459,
  "final_ppl_char": 1.9513288736343384,
  "char_to_token_ratio": 2.155636174906983,
  "train_tokens_count": 20697264,
  "train_chars_count": 44615771
}