{
  "dataset": "csn-go",
  "tokenizer_type": "llama",
  "vocab_size": 16000,
  "model_parameters": 27238400,
  "total_train_time_sec": 334.1205608844757,
  "avg_step_time_ms": 10.448016834259032,
  "tokens_per_sec": 61055.80556311058,
  "chars_per_sec": 185210.71517330423,
  "peak_vram_gb": 2.9253458976745605,
  "final_val_loss": 4.0692406983403435,
  "final_ppl_token": 58.512508392333984,
  "final_ppl_char": 3.82458233833313,
  "char_to_token_ratio": 3.033466080172336,
  "train_tokens_count": 5447964,
  "train_chars_count": 16526214
}