{
  "dataset": "csn-python",
  "tokenizer_type": "metaspace_split_functionalizer",
  "vocab_size": 16000,
  "model_parameters": 27238400,
  "total_train_time_sec": 371.4260346889496,
  "avg_step_time_ms": 11.06544737815857,
  "tokens_per_sec": 54923.452032876376,
  "chars_per_sec": 147963.47850377095,
  "peak_vram_gb": 2.7784476280212402,
  "final_val_loss": 3.263913859195061,
  "final_ppl_token": 26.151691436767578,
  "final_ppl_char": 3.3586926460266113,
  "char_to_token_ratio": 2.693994514678215,
  "train_tokens_count": 18576850,
  "train_chars_count": 50045932
}