{
  "dataset": "csn-go",
  "tokenizer_type": "split",
  "vocab_size": 15735,
  "model_parameters": 27102720,
  "total_train_time_sec": 337.79480743408203,
  "avg_step_time_ms": 10.366887760162353,
  "tokens_per_sec": 60391.692089526565,
  "chars_per_sec": 134405.732166176,
  "peak_vram_gb": 2.754809856414795,
  "final_val_loss": 2.850331590519295,
  "final_ppl_token": 17.293514251708984,
  "final_ppl_char": 3.5992367267608643,
  "char_to_token_ratio": 2.2255665889761946,
  "train_tokens_count": 7425621,
  "train_chars_count": 16526214
}