{
  "dataset": "csn-python",
  "tokenizer_type": "split_functionalizer",
  "vocab_size": 16000,
  "model_parameters": 27238400,
  "total_train_time_sec": 373.84008145332336,
  "avg_step_time_ms": 11.120465517044067,
  "tokens_per_sec": 54568.78759680852,
  "chars_per_sec": 142977.579633828,
  "peak_vram_gb": 3.0317678451538086,
  "final_val_loss": 3.1662771220829176,
  "final_ppl_token": 23.719017028808594,
  "final_ppl_char": 3.348259210586548,
  "char_to_token_ratio": 2.620134804721003,
  "train_tokens_count": 19100518,
  "train_chars_count": 50045932
}