{
  "dataset": "csn-python",
  "tokenizer_type": "llama",
  "vocab_size": 16000,
  "model_parameters": 27238400,
  "total_train_time_sec": 354.77268242836,
  "avg_step_time_ms": 11.152400827407837,
  "tokens_per_sec": 57501.60880585673,
  "chars_per_sec": 232587.98598263602,
  "peak_vram_gb": 2.8854832649230957,
  "final_val_loss": 5.219164904127729,
  "final_ppl_token": 184.77980041503906,
  "final_ppl_char": 3.6339094638824463,
  "char_to_token_ratio": 4.044895278807269,
  "train_tokens_count": 12372615,
  "train_chars_count": 50045932
}