{
  "dataset": "csn-python",
  "tokenizer_type": "metaspace_split",
  "vocab_size": 16000,
  "model_parameters": 27238400,
  "total_train_time_sec": 408.5263612270355,
  "avg_step_time_ms": 11.631372547149658,
  "tokens_per_sec": 49935.5780584814,
  "chars_per_sec": 98432.38836108524,
  "peak_vram_gb": 3.0313196182250977,
  "final_val_loss": 2.6481761215124955,
  "final_ppl_token": 14.12824821472168,
  "final_ppl_char": 3.8322112560272217,
  "char_to_token_ratio": 1.9711875217665544,
  "train_tokens_count": 25388722,
  "train_chars_count": 50045932
}