{
  "dataset": "tinystories",
  "tokenizer_type": "split_functionalizer_repeat",
  "vocab_size": 14665,
  "model_parameters": 26554880,
  "total_train_time_sec": 380.1658308506012,
  "avg_step_time_ms": 11.291086101531983,
  "tokens_per_sec": 53660.79311850848,
  "chars_per_sec": 123102.67340535394,
  "peak_vram_gb": 2.947721481323242,
  "final_val_loss": 1.5135652425677277,
  "final_ppl_token": 4.542898654937744,
  "final_ppl_char": 1.9343421459197998,
  "char_to_token_ratio": 2.2940897115235255,
  "train_tokens_count": 19448137,
  "train_chars_count": 44615771
}