{
  "dataset": "csn-go",
  "tokenizer_type": "llama",
  "vocab_size": 16000,
  "model_parameters": 27238400,
  "total_train_time_sec": 334.2709527015686,
  "avg_step_time_ms": 10.457580184936523,
  "tokens_per_sec": 61028.33595060463,
  "chars_per_sec": 185127.38703553192,
  "peak_vram_gb": 2.9253458976745605,
  "final_val_loss": 4.063418268460279,
  "final_ppl_token": 58.172828674316406,
  "final_ppl_char": 3.817248582839966,
  "char_to_token_ratio": 3.033466080172336,
  "train_tokens_count": 5447964,
  "train_chars_count": 16526214
}