{
  "dataset": "csn-python",
  "tokenizer_type": "llama_functionalizer",
  "vocab_size": 16000,
  "model_parameters": 27238400,
  "total_train_time_sec": 360.69114112854004,
  "avg_step_time_ms": 11.070897912979126,
  "tokens_per_sec": 56558.08439367803,
  "chars_per_sec": 193772.69207109406,
  "peak_vram_gb": 2.8227500915527344,
  "final_val_loss": 4.529136229103262,
  "final_ppl_token": 92.678466796875,
  "final_ppl_char": 3.75075626373291,
  "char_to_token_ratio": 3.4260830109153404,
  "train_tokens_count": 14607332,
  "train_chars_count": 50045932
}