{
  "dataset": "csn-go",
  "tokenizer_type": "split",
  "vocab_size": 15735,
  "model_parameters": 27102720,
  "total_train_time_sec": 338.1051516532898,
  "avg_step_time_ms": 10.440894269943238,
  "tokens_per_sec": 60336.25900181254,
  "chars_per_sec": 134282.36213823588,
  "peak_vram_gb": 2.754809856414795,
  "final_val_loss": 2.867472347375509,
  "final_ppl_token": 17.59249496459961,
  "final_ppl_char": 3.6270642280578613,
  "char_to_token_ratio": 2.2255665889761946,
  "train_tokens_count": 7425621,
  "train_chars_count": 16526214
}