{
  "dataset": "csn-go",
  "tokenizer_type": "metaspace_split_functionalizer_repeat",
  "vocab_size": 15707,
  "model_parameters": 27088384,
  "total_train_time_sec": 338.57538866996765,
  "avg_step_time_ms": 10.414695978164673,
  "tokens_per_sec": 60252.45981445291,
  "chars_per_sec": 144371.5958392996,
  "peak_vram_gb": 2.815756320953369,
  "final_val_loss": 3.035865527020687,
  "final_ppl_token": 20.81899070739746,
  "final_ppl_char": 3.5501749515533447,
  "char_to_token_ratio": 2.3961112340291524,
  "train_tokens_count": 6897098,
  "train_chars_count": 16526214
}