{
  "dataset": "tinystories",
  "tokenizer_type": "metaspace_split_functionalizer_repeat",
  "vocab_size": 14676,
  "model_parameters": 26560512,
  "total_train_time_sec": 374.0701994895935,
  "avg_step_time_ms": 11.535439014434814,
  "tokens_per_sec": 54535.218330236225,
  "chars_per_sec": 125634.83683021882,
  "peak_vram_gb": 2.7423806190490723,
  "final_val_loss": 1.5162904018010848,
  "final_ppl_token": 4.555295467376709,
  "final_ppl_char": 1.9312878847122192,
  "char_to_token_ratio": 2.303737670388573,
  "train_tokens_count": 19366689,
  "train_chars_count": 44615771
}