{
  "dataset": "csn-python",
  "tokenizer_type": "split_functionalizer_repeat",
  "vocab_size": 16000,
  "model_parameters": 27238400,
  "total_train_time_sec": 367.616503238678,
  "avg_step_time_ms": 10.047839069366455,
  "tokens_per_sec": 55492.612057068436,
  "chars_per_sec": 153761.26231280272,
  "peak_vram_gb": 3.09572172164917,
  "final_val_loss": 3.3488606538842705,
  "final_ppl_token": 28.470279693603516,
  "final_ppl_char": 3.348818302154541,
  "char_to_token_ratio": 2.7708420384801307,
  "train_tokens_count": 18061633,
  "train_chars_count": 50045932
}