{
  "dataset": "csn-python",
  "tokenizer_type": "split_functionalizer_repeat",
  "vocab_size": 16000,
  "model_parameters": 27238400,
  "total_train_time_sec": 367.80473232269287,
  "avg_step_time_ms": 10.06399164199829,
  "tokens_per_sec": 55464.21295662421,
  "chars_per_sec": 153682.5728914368,
  "peak_vram_gb": 3.09572172164917,
  "final_val_loss": 3.3517722338438034,
  "final_ppl_token": 28.553293228149414,
  "final_ppl_char": 3.352339267730713,
  "char_to_token_ratio": 2.7708420384801307,
  "train_tokens_count": 18061633,
  "train_chars_count": 50045932
}