{
  "dataset": "csn-go",
  "tokenizer_type": "metaspace_split_functionalizer_repeat",
  "vocab_size": 15707,
  "model_parameters": 27088384,
  "total_train_time_sec": 338.45239996910095,
  "avg_step_time_ms": 10.43180103302002,
  "tokens_per_sec": 60274.35468580639,
  "chars_per_sec": 144424.05838651734,
  "peak_vram_gb": 2.815756320953369,
  "final_val_loss": 3.0271648795981156,
  "final_ppl_token": 20.63863754272461,
  "final_ppl_char": 3.5373072624206543,
  "char_to_token_ratio": 2.3961112340291524,
  "train_tokens_count": 6897098,
  "train_chars_count": 16526214
}