{
  "dataset": "tinystories",
  "tokenizer_type": "metaspace",
  "vocab_size": 16000,
  "model_parameters": 27238400,
  "total_train_time_sec": 361.33278584480286,
  "avg_step_time_ms": 11.341195392608642,
  "tokens_per_sec": 56457.65011969345,
  "chars_per_sec": 271253.83059385093,
  "peak_vram_gb": 2.8870091438293457,
  "final_val_loss": 3.8352227694746377,
  "final_ppl_token": 46.30373764038086,
  "final_ppl_char": 2.2216439247131348,
  "char_to_token_ratio": 4.804554033311143,
  "train_tokens_count": 9286142,
  "train_chars_count": 44615771
}