{
  "dataset": "tinystories",
  "tokenizer_type": "metaspace_split_functionalizer_repeat",
  "vocab_size": 14676,
  "model_parameters": 26560512,
  "total_train_time_sec": 361.97256445884705,
  "avg_step_time_ms": 11.055268239974975,
  "tokens_per_sec": 56357.862454294635,
  "chars_per_sec": 129833.73075852417,
  "peak_vram_gb": 2.7423806190490723,
  "final_val_loss": 1.515496262303599,
  "final_ppl_token": 4.5516791343688965,
  "final_ppl_char": 1.9306223392486572,
  "char_to_token_ratio": 2.303737670388573,
  "train_tokens_count": 19366689,
  "train_chars_count": 44615771
}