{
  "dataset": "csn-go",
  "tokenizer_type": "split",
  "vocab_size": 15735,
  "model_parameters": 27102720,
  "total_train_time_sec": 337.9040324687958,
  "avg_step_time_ms": 10.4547664642334,
  "tokens_per_sec": 60372.17091182203,
  "chars_per_sec": 134362.28648529932,
  "peak_vram_gb": 2.754809856414795,
  "final_val_loss": 2.8444143925701177,
  "final_ppl_token": 17.191490173339844,
  "final_ppl_char": 3.5896799564361572,
  "char_to_token_ratio": 2.2255665889761946,
  "train_tokens_count": 7425621,
  "train_chars_count": 16526214
}