{
  "dataset": "csn-go",
  "tokenizer_type": "split_functionalizer_repeat",
  "vocab_size": 15672,
  "model_parameters": 27070464,
  "total_train_time_sec": 336.3663811683655,
  "avg_step_time_ms": 10.064024591445923,
  "tokens_per_sec": 60648.153745748285,
  "chars_per_sec": 134879.05474552055,
  "peak_vram_gb": 2.943328380584717,
  "final_val_loss": 2.863446145036102,
  "final_ppl_token": 17.521806716918945,
  "final_ppl_char": 3.623875379562378,
  "char_to_token_ratio": 2.2239597813802905,
  "train_tokens_count": 7430986,
  "train_chars_count": 16526214
}