{
  "dataset": "csn-go",
  "tokenizer_type": "split_functionalizer_repeat",
  "vocab_size": 15672,
  "model_parameters": 27070464,
  "total_train_time_sec": 336.7616493701935,
  "avg_step_time_ms": 10.085912275314332,
  "tokens_per_sec": 60576.969016964285,
  "chars_per_sec": 134720.74277165646,
  "peak_vram_gb": 2.943328380584717,
  "final_val_loss": 2.8786304067162907,
  "final_ppl_token": 17.789892196655273,
  "final_ppl_char": 3.648702383041382,
  "char_to_token_ratio": 2.2239597813802905,
  "train_tokens_count": 7430986,
  "train_chars_count": 16526214
}