{
  "dataset": "csn-go",
  "tokenizer_type": "metaspace_split",
  "vocab_size": 15770,
  "model_parameters": 27120640,
  "total_train_time_sec": 340.0161428451538,
  "avg_step_time_ms": 11.059840393066406,
  "tokens_per_sec": 59997.15139786857,
  "chars_per_sec": 144080.94994056094,
  "peak_vram_gb": 2.9264121055603027,
  "final_val_loss": 3.0293382851130652,
  "final_ppl_token": 20.683542251586914,
  "final_ppl_char": 3.530555248260498,
  "char_to_token_ratio": 2.401463179228121,
  "train_tokens_count": 6881727,
  "train_chars_count": 16526214
}