{
  "dataset": "csn-python",
  "tokenizer_type": "metaspace_split_functionalizer_repeat",
  "vocab_size": 16000,
  "model_parameters": 27238400,
  "total_train_time_sec": 369.16200613975525,
  "avg_step_time_ms": 11.113942527770995,
  "tokens_per_sec": 55260.29131036059,
  "chars_per_sec": 157708.14161757362,
  "peak_vram_gb": 2.8413939476013184,
  "final_val_loss": 3.4619527341741505,
  "final_ppl_token": 31.879165649414062,
  "final_ppl_char": 3.3637423515319824,
  "char_to_token_ratio": 2.853914409025467,
  "train_tokens_count": 17535891,
  "train_chars_count": 50045932
}