{
  "dataset": "csn-python",
  "tokenizer_type": "split",
  "vocab_size": 16000,
  "model_parameters": 27238400,
  "total_train_time_sec": 390.72670555114746,
  "avg_step_time_ms": 11.142559623718261,
  "tokens_per_sec": 52210.40617437287,
  "chars_per_sec": 99254.60756682493,
  "peak_vram_gb": 2.887146472930908,
  "final_val_loss": 2.557466927066885,
  "final_ppl_token": 12.903092384338379,
  "final_ppl_char": 3.839305877685547,
  "char_to_token_ratio": 1.9010502855567843,
  "train_tokens_count": 26325412,
  "train_chars_count": 50045932
}