{
  "dataset": "tinystories",
  "tokenizer_type": "metaspace_split",
  "vocab_size": 14292,
  "model_parameters": 26363904,
  "total_train_time_sec": 379.71264696121216,
  "avg_step_time_ms": 11.40849356651306,
  "tokens_per_sec": 53724.8368292665,
  "chars_per_sec": 123802.2455692484,
  "peak_vram_gb": 2.9473061561584473,
  "final_val_loss": 1.502524712096865,
  "final_ppl_token": 4.493018627166748,
  "final_ppl_char": 1.9194351434707642,
  "char_to_token_ratio": 2.304376390433277,
  "train_tokens_count": 19361321,
  "train_chars_count": 44615771
}