{
  "dataset": "csn-python",
  "tokenizer_type": "split_functionalizer",
  "vocab_size": 16000,
  "model_parameters": 27238400,
  "total_train_time_sec": 373.90278220176697,
  "avg_step_time_ms": 11.007200241088867,
  "tokens_per_sec": 54559.63681220127,
  "chars_per_sec": 142953.60334458802,
  "peak_vram_gb": 3.0317678451538086,
  "final_val_loss": 3.169810162419858,
  "final_ppl_token": 23.802963256835938,
  "final_ppl_char": 3.3527767658233643,
  "char_to_token_ratio": 2.620134804721003,
  "train_tokens_count": 19100518,
  "train_chars_count": 50045932
}