{
  "dataset": "csn-python",
  "tokenizer_type": "metaspace_split_functionalizer",
  "vocab_size": 16000,
  "model_parameters": 27238400,
  "total_train_time_sec": 371.74630522727966,
  "avg_step_time_ms": 11.058569383621215,
  "tokens_per_sec": 54876.13383952201,
  "chars_per_sec": 147836.0035504298,
  "peak_vram_gb": 2.7784476280212402,
  "final_val_loss": 3.2566598668721154,
  "final_ppl_token": 25.962677001953125,
  "final_ppl_char": 3.349660873413086,
  "char_to_token_ratio": 2.693994514678215,
  "train_tokens_count": 18576850,
  "train_chars_count": 50045932
}