{
  "dataset": "tinystories",
  "tokenizer_type": "metaspace_split_functionalizer_repeat",
  "vocab_size": 14676,
  "model_parameters": 26560512,
  "total_train_time_sec": 371.62852716445923,
  "avg_step_time_ms": 11.399067449569701,
  "tokens_per_sec": 54893.525412736286,
  "chars_per_sec": 126460.28235374116,
  "peak_vram_gb": 2.7423806190490723,
  "final_val_loss": 1.519894385115528,
  "final_ppl_token": 4.571742057800293,
  "final_ppl_char": 1.9343115091323853,
  "char_to_token_ratio": 2.303737670388573,
  "train_tokens_count": 19366689,
  "train_chars_count": 44615771
}