{
  "dataset": "csn-go",
  "tokenizer_type": "split_functionalizer_repeat",
  "vocab_size": 15672,
  "model_parameters": 27070464,
  "total_train_time_sec": 336.50711703300476,
  "avg_step_time_ms": 10.053504562377931,
  "tokens_per_sec": 60622.78913999658,
  "chars_per_sec": 134822.64488245817,
  "peak_vram_gb": 2.943328380584717,
  "final_val_loss": 2.856281216867369,
  "final_ppl_token": 17.396713256835938,
  "final_ppl_char": 3.6122193336486816,
  "char_to_token_ratio": 2.2239597813802905,
  "train_tokens_count": 7430986,
  "train_chars_count": 16526214
}