{
  "dataset": "tinystories",
  "tokenizer_type": "split_functionalizer_repeat",
  "vocab_size": 14665,
  "model_parameters": 26554880,
  "total_train_time_sec": 358.7034752368927,
  "avg_step_time_ms": 10.673769092559814,
  "tokens_per_sec": 56871.48691973938,
  "chars_per_sec": 130468.29302160957,
  "peak_vram_gb": 2.947721481323242,
  "final_val_loss": 1.509938438825829,
  "final_ppl_token": 4.526452541351318,
  "final_ppl_char": 1.9312864542007446,
  "char_to_token_ratio": 2.2940897115235255,
  "train_tokens_count": 19448137,
  "train_chars_count": 44615771
}