{
  "dataset": "csn-go",
  "tokenizer_type": "split",
  "vocab_size": 15735,
  "model_parameters": 27102720,
  "total_train_time_sec": 338.05377197265625,
  "avg_step_time_ms": 10.424599409103394,
  "tokens_per_sec": 60345.42931131699,
  "chars_per_sec": 134302.77127267956,
  "peak_vram_gb": 2.754809856414795,
  "final_val_loss": 2.858268001595059,
  "final_ppl_token": 17.431310653686523,
  "final_ppl_char": 3.6120946407318115,
  "char_to_token_ratio": 2.2255665889761946,
  "train_tokens_count": 7425621,
  "train_chars_count": 16526214
}