{
  "dataset": "tinystories",
  "tokenizer_type": "split",
  "vocab_size": 14280,
  "model_parameters": 26357760,
  "total_train_time_sec": 362.87819743156433,
  "avg_step_time_ms": 11.114237070083618,
  "tokens_per_sec": 56217.21047004281,
  "chars_per_sec": 129003.13009346896,
  "peak_vram_gb": 2.833690643310547,
  "final_val_loss": 1.4948514869046765,
  "final_ppl_token": 4.458674430847168,
  "final_ppl_char": 1.9182801246643066,
  "char_to_token_ratio": 2.2947266329090774,
  "train_tokens_count": 19442739,
  "train_chars_count": 44615771
}